ID,PHYSICS CONSTANT,VALUE,HEX,FILE,ADDRESS,FUNCTION,ASSEMBLY EVIDENCE,ROLE,CONFIDENCE
P01,GRAVITY_ACCEL,-8.5,0xc021000000000000 (f64 LE 00000000000021c0),Pogostuck.exe [LZSS overlay @file 0x61000 -> decoded Lite-C image IMG],"literal IMG:0x0ba1f5 (@const_135341, data Pos 0xba1b0); used IMG:0x3d2080",playerMove @IMG:0x3d20f4,"3d2080: fld qword ptr [ebx + 0xba1b0]  => r580 = vector((-0.05 * L12c) * (*time_step), 0, -8.5 * (*time_step))","gravity: speed += rotate((.., 0, -8.5*time_step), gravityAngle); applied to arg0.speed by vec_add @3d224e (main map: L114=1)",A
P02,AIR_DRAG_LATERAL,-0.05 (stored -0.05000000074505806),0xbfa99999a0000000 (f64 LE 000000a09999a9bf),Pogostuck.exe [LZSS overlay @file 0x61000 -> decoded Lite-C image IMG],"literal IMG:0x0ba1ed (@const_135335, data Pos 0xba1a8); used IMG:0x3d1ffe",playerMove @IMG:0x3d20f4,"3d1ffe: fld qword ptr [ebx + 0xba1a8]  => r580 = vector((-0.05 * L12c) * (*time_step), 0, -8.5 * (*time_step))",linear drag on velocity component along gravity-perpendicular axis: dv_lat = -0.05*v_lat*time_step (no vertical drag),A
P03,GRAVITY_ACCEL_LEVEL8_TILTED,-6.125,0xc018800000000000 (f64 LE 00000000008018c0),Pogostuck.exe [LZSS overlay @file 0x61000 -> decoded Lite-C image IMG],"literal IMG:0x0ba19d (@const_135048, data Pos 0xba158); used IMG:0x3d0381",playerMove @IMG:0x3d03f5,"3d0381: fld qword ptr [ebx + 0xba158]  => r549 = vector((-0.025 * L12c) * (*time_step), 0, -6.125 * (*time_step))",level_current==8 && gravityAngle!=0: vertical accel -6.125*time_step (replaces P01),A
P04,AIR_DRAG_LEVEL8_TILTED,-0.025 (stored -0.02500000037252903),0xbf999999a0000000 (f64 LE 000000a0999999bf),Pogostuck.exe [LZSS overlay @file 0x61000 -> decoded Lite-C image IMG],"literal IMG:0x0ba18d (@const_135041, data Pos 0xba148); used IMG:0x3d02ff",playerMove @IMG:0x3d03f5,"3d02ff: fld qword ptr [ebx + 0xba148]  => r549 = vector((-0.025 * L12c) * (*time_step), 0, -6.125 * (*time_step))",level 8 tilted gravity: lateral drag -0.025,A
P05,GRAVITY_ACCEL_TILTED,-4.175 (stored -4.175000190734863),0xc010b33340000000 (f64 LE 0000004033b310c0),Pogostuck.exe [LZSS overlay @file 0x61000 -> decoded Lite-C image IMG],"literal IMG:0x0ba1cd (@const_135297, data Pos 0xba188); used IMG:0x3d1ca0",playerMove @IMG:0x3d1d14,"3d1ca0: fld qword ptr [ebx + 0xba188]  => r577 = vector((-0.025 * L12c) * (*time_step), 0, -4.175 * (*time_step))",level!=9 && gravityAngle!=0 (gravity zones): vertical accel -4.175*time_step,A
P06,AIR_DRAG_TILTED,-0.025 (stored -0.02500000037252903),0xbf999999a0000000 (f64 LE 000000a0999999bf),Pogostuck.exe [LZSS overlay @file 0x61000 -> decoded Lite-C image IMG],"literal IMG:0x0ba18d (@const_135041, data Pos 0xba148); used IMG:0x3d1c1e",playerMove @IMG:0x3d1d14,"3d1c1e: fld qword ptr [ebx + 0xba148]  => r577 = vector((-0.025 * L12c) * (*time_step), 0, -4.175 * (*time_step))",gravity zones: lateral drag -0.025,A
P07,GRAVITY_ACCEL_WATER,-2,0xfffffffe (i32 LE feffffff),Pogostuck.exe [LZSS overlay @file 0x61000 -> decoded Lite-C image IMG],"literal IMG:0x0ba0ad (@const_134248, data Pos 0xba068); used IMG:0x3d10b6",playerMove @IMG:0x3d1126,"3d10b6: mov eax, dword ptr [ebx + 0xba068]  => r564 = vector((-0.025 * L12c) * (*time_step), 0, -2 * (*time_step))",level 9 water (not swimming): vertical accel -2*time_step,A
P08,LATERAL_SPEED_SCALE_LEVEL9_ZONE,0.75,0x3fe8000000000000 (f64 LE 000000000000e83f),Pogostuck.exe [LZSS overlay @file 0x61000 -> decoded Lite-C image IMG],"literal IMG:0x0b9db9 (@const_132339, data Pos 0xb9d74); used IMG:0x3d1fa9",playerMove @IMG:0x3d1fcc,3d1fa9: fld qword ptr [ebx + 0xb9d74]  => L12c = L12c * 0.75,level 9 x/z zones: v_lat *= 0.75 before drag,A
P09,MAX_SPEED,300,0x0000012c (i32 LE 2c010000),Pogostuck.exe [LZSS overlay @file 0x61000 -> decoded Lite-C image IMG],"literal IMG:0x0b9ca9 (@const_131759, data Pos 0xb9c64); used IMG:0x3d2bc8",playerMove @IMG:0x3d2bf9,"3d2bc8: mov eax, dword ptr [ebx + 0xb9c64]  => if !(r594 > 300) goto label_3d2c60","if |speed|>300 then vec_normalize(speed,300) (also @3eabdc after platform carry)",A
P10,SLIDE_GAIN_SPECIALMODE,0.2 (stored 0.20000000298023224),0x3fc99999a0000000 (f64 LE 000000a09999c93f),Pogostuck.exe [LZSS overlay @file 0x61000 -> decoded Lite-C image IMG],"literal IMG:0x0b9f1d (@const_132940, data Pos 0xb9ed8); used IMG:0x3d310d",playerMove @IMG:0x3d3143,3d310d: fld qword ptr [ebx + 0xb9ed8]  => L3a8 = 1.0 - (0.2 * L30),L3a8 = 1 - 0.2*L30 (L30 = special leaderboard mode 3 on main map); scales slideSpeed in displacement,A
P11,SLIDE_Z_DISPLACEMENT_GAIN,4,0x00000004 (i32 LE 04000000),Pogostuck.exe [LZSS overlay @file 0x61000 -> decoded Lite-C image IMG],"literal IMG:0x0b99dd (@const_130436, data Pos 0xb9998); used IMG:0x3d4a3a",playerMove @IMG:0x3d4c92,"3d4a3a: mov eax, dword ptr [ebx + 0xb9998]  => *L5d00 = (((arg0.speed.z * (*time_step)) + (((arg0.slideSpeed.z * 4) * L3a8) * (*time_step))) + ((playerMoveExtraSpeed.z * L254) * (*time_step))) + (p",displacement.z = (speed.z + 4*slideSpeed.z*L3a8)*time_step  (x uses 1*slideSpeed.x),A
P12,CMOVE_MODE,548,0x00000224 (i32 LE 24020000),Pogostuck.exe [LZSS overlay @file 0x61000 -> decoded Lite-C image IMG],"literal IMG:0x0ba121 (@const_134627, data Pos 0xba0dc); used IMG:0x3d2f52",playerMove @IMG:0x3d2f58,"3d2f52: mov eax, dword ptr [ebx + 0xba0dc]  => L264 = 548","c_move(me, nullvector, displacement, 548) for player; flag bits are engine-defined (acknex.h not supplied)",A
P13,CMOVE_MODE_EXTRA,262144,0x00040000 (i32 LE 00000400),Pogostuck.exe [LZSS overlay @file 0x61000 -> decoded Lite-C image IMG],"literal IMG:0x0ba161 (@const_134923, data Pos 0xba11c); used IMG:0x3d30b2",playerMove @IMG:0x3d30ba,"3d30b2: mov ecx, dword ptr [ebx + 0xba11c]  => L264 = L264 | 262144",mode |= 0x40000 when noGroundContactTimer|slide|water,A
P14,GROUND_STICK_SPEED,-24,0xc038000000000000 (f64 LE 00000000000038c0),Pogostuck.exe [LZSS overlay @file 0x61000 -> decoded Lite-C image IMG],"literal IMG:0x0ba179 (@const_134990, data Pos 0xba134); used IMG:0x3cfe00",playerMove @IMG:0x3cfe1b,"3cfe00: fld qword ptr [ebx + 0xba134]  => r540 = vector(-24, 0, 0)","while grounded: speed = vec_rotate((-24,0,0),(0,surfaceNormal,0)) = -24*n (press into surface)",A
P15,GROUND_TURN_DIVISOR,2,0x00000002 (i32 LE 02000000),Pogostuck.exe [LZSS overlay @file 0x61000 -> decoded Lite-C image IMG],"literal IMG:0x0b9965 (@const_130373, data Pos 0xb9920); used IMG:0x3cea7d",playerMove @IMG:0x3ceacc,"3cea7d: imul eax, dword ptr [ebx + 0xb9920]  => Lb1c4 = 1.0 / (1.0 + ((!(!(arg0.heroGroundContact))) * 2))",turn factor Lb1c4 = 1/(1+2*heroGroundContact): rotation rate x1/3 on ground,A
P16,TURN_TARGET_RATE,32,0x00000020 (i32 LE 20000000),Pogostuck.exe [LZSS overlay @file 0x61000 -> decoded Lite-C image IMG],"literal IMG:0x0b9b39 (@const_130964, data Pos 0xb9af4); used IMG:0x3ceb16",playerMove @IMG:0x3cebae,"3ceb16: mov eax, dword ptr [ebx + 0xb9af4]  => L438 = ((r518 - r519) * 32) * (1 - (2 * inputPlayerTurnInverted))",target turn speed L438 = (in[A]-in[D])*32 (deg per tick),A
P17,TURN_RESPONSE_RATE,0.525 (stored 0.5249999761581421),0x3fe0ccccc0000000 (f64 LE 000000c0cccce03f),Pogostuck.exe [LZSS overlay @file 0x61000 -> decoded Lite-C image IMG],"literal IMG:0x0ba14d (@const_134836, data Pos 0xba108); used IMG:0x3cf1e9",playerMove @IMG:0x3cf32d,3cf1e9: fmul qword ptr [ebx + 0xba108]  => arg0.heroTurnSpeed = arg0.heroTurnSpeed + ((((L438 - arg0.heroTurnSpeed) * 0.525) / (1.0 + r524)) * (*time_step)),heroTurnSpeed += (L438-heroTurnSpeed)*0.525/(1+sqrt(jumpTimer))*time_step,A
P18,ROTATE_HULL_LIFT,16,0x00000010 (i32 LE 10000000),Pogostuck.exe [LZSS overlay @file 0x61000 -> decoded Lite-C image IMG],"literal IMG:0x0b9d4d (@const_132243, data Pos 0xb9d08); used IMG:0x3cf502",playerMove @IMG:0x3cf536,"3cf502: mov eax, dword ptr [ebx + 0xb9d08]  => L204.min_z = L204.min_z + 16","me.min_z += 16 during c_rotate, restored after (@3cf85f)",A
P19,PIVOT_MAX_CORRECTION,256,0x00000100 (i32 LE 00010000),Pogostuck.exe [LZSS overlay @file 0x61000 -> decoded Lite-C image IMG],"literal IMG:0x0ba16d (@const_134965, data Pos 0xba128); used IMG:0x3cfb29",playerMove @IMG:0x3cfbee,"3cfb29: mov eax, dword ptr [ebx + 0xba128]  => if !((r535 < 256) && (r536 < 256)) goto label_3cfdc6","grounded: after c_rotate, c_move by (prevBone1Pos - Bone1) if |dx|,|dz|<256 -> rotation pivots on pogo tip",A
P20,GROUND_PROBE_EXTENSION,6,0x00000006 (i32 LE 06000000),Pogostuck.exe [LZSS overlay @file 0x61000 -> decoded Lite-C image IMG],"literal IMG:0x0b9d55 (@const_132256, data Pos 0xb9d10); used IMG:0x3d81fb",playerMove @IMG:0x3d823f,"3d81fb: mov eax, dword ptr [ebx + 0xb9d10]  => r665 = vec_normalize(ADDR(L460), 6 + r664)","probe end = Bone1 + normalize(Bone1-Bone2, 6+|slideSpeed.z|)",A
P21,GROUND_PROBE_TRACE_MODE,613,0x00000265 (i32 LE 65020000),Pogostuck.exe [LZSS overlay @file 0x61000 -> decoded Lite-C image IMG],"literal IMG:0x0ba2cd (@const_136174, data Pos 0xba288); used IMG:0x3d850c",playerMove @IMG:0x3d8544,"3d850c: mov eax, dword ptr [ebx + 0xba288]  => r669 = pogo_trace(L204, ADDR(L204.x), ADDR(L460), 613, 4)","pogo_trace(me, me.x, probeEnd, 613, 4) -> c_trace mode 613|8192|1",A
P22,GROUND_PROBE_BOX_HALFSIZE,4,0x00000004 (i32 LE 04000000),Pogostuck.exe [LZSS overlay @file 0x61000 -> decoded Lite-C image IMG],"literal IMG:0x0b99dd (@const_130436, data Pos 0xb9998); used IMG:0x3d84f6",playerMove @IMG:0x3d8544,"3d84f6: mov eax, dword ptr [ebx + 0xb9998]  => r669 = pogo_trace(L204, ADDR(L204.x), ADDR(L460), 613, 4)","pogo_trace arg4: helper entity bbox = +-4 on x,y,z",A
P23,IMPACT_EXPONENT,0.925 (stored 0.925000011920929),0x3fed9999a0000000 (f64 LE 000000a09999ed3f),Pogostuck.exe [LZSS overlay @file 0x61000 -> decoded Lite-C image IMG],"literal IMG:0x0ba361 (@const_136749, data Pos 0xba31c); used IMG:0x3dac5f",playerMove @IMG:0x3dac96,"3dac5f: mov eax, dword ptr [ebx + 0xba31c]  => r700 = pow(r699, 0.925)","landing: impact = pow(|speed|,0.925)*1.65",A
P24,IMPACT_GAIN,1.65 (stored 1.649999976158142),0x3ffa666660000000 (f64 LE 000000606666fa3f),Pogostuck.exe [LZSS overlay @file 0x61000 -> decoded Lite-C image IMG],"literal IMG:0x0ba369 (@const_136752, data Pos 0xba324); used IMG:0x3dacb8",playerMove @IMG:0x3dace6,3dacb8: fmul qword ptr [ebx + 0xba324]  => L3e0 = r700 * 1.65,"landing: impact = pow(|speed|,0.925)*1.65",A
P25a,IMPACT_POWERJUMP_BONUS,20,0x00000014 (i32 LE 14000000),Pogostuck.exe [LZSS overlay @file 0x61000 -> decoded Lite-C image IMG],"literal IMG:0x0b9de5 (@const_132449, data Pos 0xb9da0); used IMG:0x3daeac",playerMove @IMG:0x3daf10,"3daeac: mov eax, dword ptr [ebx + 0xb9da0]  => playerHeroImpactSpeedCalc = (L3e0 + (20 * arg0.powerJumpNext)) + L2c",+20*powerJumpNext added to impact before the L_max clamp (same expression feeds clamp @3daff4),A
P25,SPRING_MAX_FLOOR,95,0x0000005f (i32 LE 5f000000),Pogostuck.exe [LZSS overlay @file 0x61000 -> decoded Lite-C image IMG],"literal IMG:0x0ba371 (@const_136778, data Pos 0xba32c); used IMG:0x3daf93",playerMove @IMG:0x3daff4,"3daf93: mov eax, dword ptr [ebx + 0xba32c]  => r701 = clamp((L3e0 + (20 * arg0.powerJumpNext)) + L2c, (95 + (25 * arg0.powerJumpNext)) + L2c, 300)","heroSpringLoadedMax = clamp(impact+20*powerJump+extra, 95+25*powerJump+extra, 300)",A
P26,SPRING_MAX_FLOOR_POWER_BONUS,25,0x00000019 (i32 LE 19000000),Pogostuck.exe [LZSS overlay @file 0x61000 -> decoded Lite-C image IMG],"literal IMG:0x0b9875 (@const_130224, data Pos 0xb9830); used IMG:0x3daf69",playerMove @IMG:0x3daff4,"3daf69: mov eax, dword ptr [ebx + 0xb9830]  => r701 = clamp((L3e0 + (20 * arg0.powerJumpNext)) + L2c, (95 + (25 * arg0.powerJumpNext)) + L2c, 300)",+25 to the floor of heroSpringLoadedMax when powerJumpNext,A
P27,SPRING_MAX_CAP,300,0x0000012c (i32 LE 2c010000),Pogostuck.exe [LZSS overlay @file 0x61000 -> decoded Lite-C image IMG],"literal IMG:0x0b9ca9 (@const_131759, data Pos 0xb9c64); used IMG:0x3dafca",playerMove @IMG:0x3daff4,"3dafca: mov eax, dword ptr [ebx + 0xb9c64]  => r701 = clamp((L3e0 + (20 * arg0.powerJumpNext)) + L2c, (95 + (25 * arg0.powerJumpNext)) + L2c, 300)",upper clamp of heroSpringLoadedMax,A
P28,SPRING_MIN_EXPONENT,0.9 (stored 0.8999999761581421),0x3fecccccc0000000 (f64 LE 000000c0ccccec3f),Pogostuck.exe [LZSS overlay @file 0x61000 -> decoded Lite-C image IMG],"literal IMG:0x0b9cfd (@const_132070, data Pos 0xb9cb8); used IMG:0x3db37f",playerMove @IMG:0x3db3b6,"3db37f: mov eax, dword ptr [ebx + 0xb9cb8]  => r705 = pow(L3e0, 0.9)","heroSpringLoadedMin = max(40, pow(impact,0.9))",A
P29,SPRING_MIN_FLOOR,40,0x00000028 (i32 LE 28000000),Pogostuck.exe [LZSS overlay @file 0x61000 -> decoded Lite-C image IMG],"literal IMG:0x0b9ba9 (@const_131357, data Pos 0xb9b64); used IMG:0x3db401",playerMove @IMG:0x3db41d,"3db401: mov eax, dword ptr [ebx + 0xb9b64]  => r706 = maxv(40, heroSpringLoadedMin)","heroSpringLoadedMin = max(40, ...)",A
P30,SPRING_MIN_OUTRO_BONUS,20,0x00000014 (i32 LE 14000000),Pogostuck.exe [LZSS overlay @file 0x61000 -> decoded Lite-C image IMG],"literal IMG:0x0b9de5 (@const_132449, data Pos 0xb9da0); used IMG:0x3dbd2f",playerMove @IMG:0x3dbe7e,"3dbd2f: imul eax, dword ptr [ebx + 0xb9da0]  => if !(((arg0.heroSpringLoaded < (heroSpringLoadedMin + ((!(!(outroPlaying))) * 20))) | (r712 && (!(outroPlaying)))) && (arg0.heroSpringLoaded < arg0.he",charge condition: load < min + 20*outroPlaying,A
P31,INPUT_CHARGE_BUTTON,4,0x00000004 (i32 LE 04000000),Pogostuck.exe [LZSS overlay @file 0x61000 -> decoded Lite-C image IMG],"literal IMG:0x0b99dd (@const_130436, data Pos 0xb9998); used IMG:0x3dbd78",playerMove @IMG:0x3dbe7e,"3dbd78: mov eax, dword ptr [ebx + 0xb9998]  => if !(((arg0.heroSpringLoaded < (heroSpringLoadedMin + ((!(!(outroPlaying))) * 20))) | (r712 && (!(outroPlaying)))) && (arg0.heroSpringLoaded < arg0.he",inputIsDown(4) keeps charging (button 4 = scancode 57 Space / joy 257 by inputButtonSetDefault),A
P32,SPRING_CHARGE_RATE,16,0x00000010 (i32 LE 10000000),Pogostuck.exe [LZSS overlay @file 0x61000 -> decoded Lite-C image IMG],"literal IMG:0x0b9d4d (@const_132243, data Pos 0xb9d08); used IMG:0x3dbf94",playerMove @IMG:0x3dc019,"3dbf94: mov eax, dword ptr [ebx + 0xb9d08]  => r714 = minv(arg0.heroSpringLoaded + (16 * (*time_step)), arg0.heroSpringLoadedMax)","heroSpringLoaded = min(load + 16*time_step, heroSpringLoadedMax)",A
P33,LAUNCH_MIN_LOAD,2,0x00000002 (i32 LE 02000000),Pogostuck.exe [LZSS overlay @file 0x61000 -> decoded Lite-C image IMG],"literal IMG:0x0b9965 (@const_130373, data Pos 0xb9920); used IMG:0x3dc310",playerMove @IMG:0x3dc341,"3dc310: mov eax, dword ptr [ebx + 0xb9920]  => if !(arg0.heroSpringLoaded > 2) goto label_3e29db",launch only if heroSpringLoaded > 2,A
P34,LAUNCH_SPEED_PER_LOAD,0.74235 (stored 0.7423499822616577),0x3fe7c154c0000000 (f64 LE 000000c054c1e73f),Pogostuck.exe [LZSS overlay @file 0x61000 -> decoded Lite-C image IMG],"literal IMG:0x0ba3c1 (@const_137124, data Pos 0xba37c); used IMG:0x3dd2e5",playerMove @IMG:0x3dd346,"3dd2e5: fmul qword ptr [ebx + 0xba37c]  => r742 = vector(0, 0, arg0.heroSpringLoaded * 0.74235)","launch: v = vec_rotate((0,0,0.74235*heroSpringLoaded),(0,a,0))",A
P35,NORMAL_ANGLE_OFFSET,90,0x0000005a (i32 LE 5a000000),Pogostuck.exe [LZSS overlay @file 0x61000 -> decoded Lite-C image IMG],"literal IMG:0x0b9d29 (@const_132176, data Pos 0xb9ce4); used IMG:0x3dd407",playerMove @IMG:0x3dd47e,"3dd407: mov eax, dword ptr [ebx + 0xb9ce4]  => r745 = ang((r744 - 90) - arg0.angle)","d = ang(atan2v(n.z,n.x) - 90 - angle)",A
P36,NORMAL_BLEND_CLAMP,45,0x0000002d (i32 LE 2d000000),Pogostuck.exe [LZSS overlay @file 0x61000 -> decoded Lite-C image IMG],"literal IMG:0x0ba3c9 (@const_137143, data Pos 0xba384); used IMG:0x3dd48c",playerMove @IMG:0x3dd4c5,"3dd48c: mov eax, dword ptr [ebx + 0xba384]  => r746 = clamp(r745, -45, 45)","d clamped to [-45,45]",A
P37,NORMAL_BLEND_FACTOR,0.1875,0x3fc8000000000000 (f64 LE 000000000000c83f),Pogostuck.exe [LZSS overlay @file 0x61000 -> decoded Lite-C image IMG],"literal IMG:0x0ba3d1 (@const_137151, data Pos 0xba38c); used IMG:0x3dd52e",playerMove @IMG:0x3dd5c3,"3dd52e: fld qword ptr [ebx + 0xba38c]  => r747 = vector(0, arg0.angle + (0.1875 * r746), 0)","launch angle a = angle + 0.1875*clamp(d,-45,45)",A
P38,LAUNCH_SLIDE_CARRY_X,0.25,0x3fd0000000000000 (f64 LE 000000000000d03f),Pogostuck.exe [LZSS overlay @file 0x61000 -> decoded Lite-C image IMG],"literal IMG:0x0b9c55 (@const_131557, data Pos 0xb9c10); used IMG:0x3dd6ef",playerMove @IMG:0x3dd775,3dd6ef: fmul qword ptr [ebx + 0xb9c10]  => arg0.speed.x = L4cc.x + (arg0.slideSpeed.x * 0.25),speed.x = Vlaunch.x + 0.25*slideSpeed.x,A
P39,LAUNCH_SLIDE_CARRY_Z,0,0x00000000 (i32 LE 00000000),Pogostuck.exe [LZSS overlay @file 0x61000 -> decoded Lite-C image IMG],"literal IMG:0x0b9841 (@const_130172, data Pos 0xb97fc); used IMG:0x3dd83e",playerMove @IMG:0x3dd8ac,"3dd83e: mov eax, dword ptr [ebx + 0xb97fc]  => arg0.speed.z = L4cc.z + (arg0.slideSpeed.z * 0)",speed.z = Vlaunch.z + 0*slideSpeed.z,A
P40,LAUNCH_SPIN_FROM_TILT,0.1245 (stored 0.12449999898672104),0x3fbfdf3b60000000 (f64 LE 000000603bdfbf3f),Pogostuck.exe [LZSS overlay @file 0x61000 -> decoded Lite-C image IMG],"literal IMG:0x0ba43d (@const_137580, data Pos 0xba3f8); used IMG:0x3e007e",playerMove @IMG:0x3e0185,3e007e: fmul qword ptr [ebx + 0xba3f8]  => arg0.heroTurnSpeed = arg0.heroTurnSpeed + (((r786 * 0.1245) - (((r790 * r791) * 1.5) * 0.25)) * (1 - (0.5 * (collisionSpecialTypeResult == 1)))),"heroTurnSpeed += (0.1245*clamp(ang(angle-gravityAngle),-45,45) - 0.25*1.5*sign(s)*|s|^0.75)*(1-0.5*special), s=asinv(normal.x)",A
P41,SLOPE_SPIN_EXPONENT,0.75,0x3fe8000000000000 (f64 LE 000000000000e83f),Pogostuck.exe [LZSS overlay @file 0x61000 -> decoded Lite-C image IMG],"literal IMG:0x0b9db9 (@const_132339, data Pos 0xb9d74); used IMG:0x3dff66",playerMove @IMG:0x3e0185,"3dff66: mov eax, dword ptr [ebx + 0xb9d74]  => arg0.heroTurnSpeed = arg0.heroTurnSpeed + (((r786 * 0.1245) - (((r790 * r791) * 1.5) * 0.25)) * (1 - (0.5 * (collisionSpecialTypeResult == 1))))",|asinv(normal.x)|^0.75 in launch/bonk spin,A
P42,SLOPE_SPIN_GAIN,1.5,0x3ff8000000000000 (f64 LE 000000000000f83f),Pogostuck.exe [LZSS overlay @file 0x61000 -> decoded Lite-C image IMG],"literal IMG:0x0b9f61 (@const_133237, data Pos 0xb9f1c); used IMG:0x3e0008",playerMove @IMG:0x3e0185,3e0008: fmul qword ptr [ebx + 0xb9f1c]  => arg0.heroTurnSpeed = arg0.heroTurnSpeed + (((r786 * 0.1245) - (((r790 * r791) * 1.5) * 0.25)) * (1 - (0.5 * (collisionSpecialTypeResult == 1)))),x1.5 slope spin term,A
P43,SLOPE_SPIN_LAUNCH_FACTOR,0.25,0x3fd0000000000000 (f64 LE 000000000000d03f),Pogostuck.exe [LZSS overlay @file 0x61000 -> decoded Lite-C image IMG],"literal IMG:0x0b9c55 (@const_131557, data Pos 0xb9c10); used IMG:0x3e00ac",playerMove @IMG:0x3e0185,3e00ac: fmul qword ptr [ebx + 0xb9c10]  => arg0.heroTurnSpeed = arg0.heroTurnSpeed + (((r786 * 0.1245) - (((r790 * r791) * 1.5) * 0.25)) * (1 - (0.5 * (collisionSpecialTypeResult == 1)))),x0.25 slope spin at launch,A
P44,NO_GROUND_TIMER_AFTER_LAUNCH,2,0x00000002 (i32 LE 02000000),Pogostuck.exe [LZSS overlay @file 0x61000 -> decoded Lite-C image IMG],"literal IMG:0x0b9965 (@const_130373, data Pos 0xb9920); used IMG:0x3e030d",playerMove @IMG:0x3e0339,"3e030d: mov eax, dword ptr [ebx + 0xb9920]  => arg0.noGroundContactTimer = 2",noGroundContactTimer = 2 (ticks) after launch; grounded flag forced 0 while >0,A
P45,JUMP_TIMER_GAIN,0.45 (stored 0.44999998807907104),0x3fdcccccc0000000 (f64 LE 000000c0ccccdc3f),Pogostuck.exe [LZSS overlay @file 0x61000 -> decoded Lite-C image IMG],"literal IMG:0x0ba449 (@const_137613, data Pos 0xba404); used IMG:0x3e03e0",playerMove @IMG:0x3e0438,3e03e0: fmul qword ptr [ebx + 0xba404]  => arg0.jumpTimer = r792 * 0.45,jumpTimer = 0.45*sqrt(heroSpringLoadedMax); damps turn response via 1/(1+sqrt(jumpTimer)),A
P46,POWERJUMP_ROTATION_THRESHOLD,285,0x0000011d (i32 LE 1d010000),Pogostuck.exe [LZSS overlay @file 0x61000 -> decoded Lite-C image IMG],"literal IMG:0x0ba661 (@const_139827, data Pos 0xba61c); used IMG:0x3ee4f7",playerMove @IMG:0x3ee58b,"3ee4f7: mov edx, dword ptr [ebx + 0xba61c]  => if !((L44 > 285) && (arg0.powerJumpNext < 1)) goto label_3ee5f3",in air: |angle-lastJumpAngle| > 285 deg -> powerJumpNext = 1 (boost on next landing),A
P47,BONK_REFLECT,-2,0xfffffffe (i32 LE feffffff),Pogostuck.exe [LZSS overlay @file 0x61000 -> decoded Lite-C image IMG],"literal IMG:0x0ba0ad (@const_134248, data Pos 0xba068); used IMG:0x3e56b3",playerMove @IMG:0x3e56f1,"3e56b3: mov eax, dword ptr [ebx + 0xba068]  => r858 = vec_scale(bounce, -2 * r857)",bounce = speed - 2*(n.speed)*n (manual reflection; engine vec_bounce never called),A
P48,BONK_DIR_REFLECT_WEIGHT,0.9 (stored 0.8999999761581421),0x3fecccccc0000000 (f64 LE 000000c0ccccec3f),Pogostuck.exe [LZSS overlay @file 0x61000 -> decoded Lite-C image IMG],"literal IMG:0x0b9cfd (@const_132070, data Pos 0xb9cb8); used IMG:0x3e5845",playerMove @IMG:0x3e5867,"3e5845: fld qword ptr [ebx + 0xb9cb8]  => r860 = vec_normalize(bounce, 0.9)","bounce = normalize(reflect,0.9) + n",A
P49,BONK_SPEED_FACTOR,0.4 (stored 0.4000000059604645),0x3fd99999a0000000 (f64 LE 000000a09999d93f),Pogostuck.exe [LZSS overlay @file 0x61000 -> decoded Lite-C image IMG],"literal IMG:0x0ba539 (@const_138467, data Pos 0xba4f4); used IMG:0x3e591f",playerMove @IMG:0x3e596a,"3e591f: fmul qword ptr [ebx + 0xba4f4]  => r863 = maxv(28, r862 * 0.4)","bonk speed = max(28, 0.4*|speed|)*min(1+normal.z,1)",A
P50,BONK_MIN_SPEED,28,0x0000001c (i32 LE 1c000000),Pogostuck.exe [LZSS overlay @file 0x61000 -> decoded Lite-C image IMG],"literal IMG:0x0b9fc1 (@const_133582, data Pos 0xb9f7c); used IMG:0x3e594e",playerMove @IMG:0x3e596a,"3e594e: mov eax, dword ptr [ebx + 0xb9f7c]  => r863 = maxv(28, r862 * 0.4)",bonk speed floor 28,A
P51,BONK_X_SCALE,0.875,0x3fec000000000000 (f64 LE 000000000000ec3f),Pogostuck.exe [LZSS overlay @file 0x61000 -> decoded Lite-C image IMG],"literal IMG:0x0ba541 (@const_138503, data Pos 0xba4fc); used IMG:0x3e5cfc",playerMove @IMG:0x3e5dd5,3e5cfc: fmul qword ptr [ebx + 0xba4fc]  => arg0.speed.x = (bounce.x * 0.875) + arg0.slideSpeed.x,speed.x = 0.875*bounce.x + slideSpeed.x; speed.z = bounce.z + slideSpeed.z,A
P52,BONK_SPIN_RIGHTING,0.5,0x3fe0000000000000 (f64 LE 000000000000e03f),Pogostuck.exe [LZSS overlay @file 0x61000 -> decoded Lite-C image IMG],"literal IMG:0x0b986d (@const_130217, data Pos 0xb9828); used IMG:0x3e610c",playerMove @IMG:0x3e61a4,3e610c: fmul qword ptr [ebx + 0xb9828]  => arg0.heroTurnSpeed = (r872 * 0.5) - (((r870 * r871) * 1.5) * 0.2),heroTurnSpeed = 0.5*ang(gravityAngle-angle) - 0.2*1.5*sign(s)*|s|^0.75,A
P53,SLOPE_SPIN_BONK_FACTOR,0.2 (stored 0.20000000298023224),0x3fc99999a0000000 (f64 LE 000000a09999c93f),Pogostuck.exe [LZSS overlay @file 0x61000 -> decoded Lite-C image IMG],"literal IMG:0x0b9f1d (@const_132940, data Pos 0xb9ed8); used IMG:0x3e613a",playerMove @IMG:0x3e61a4,3e613a: fmul qword ptr [ebx + 0xb9ed8]  => arg0.heroTurnSpeed = (r872 * 0.5) - (((r870 * r871) * 1.5) * 0.2),x0.2 slope spin on bonk,A
P54,NO_GROUND_TIMER_AFTER_BONK,2,0x00000002 (i32 LE 02000000),Pogostuck.exe [LZSS overlay @file 0x61000 -> decoded Lite-C image IMG],"literal IMG:0x0b9965 (@const_130373, data Pos 0xb9920); used IMG:0x3e52be",playerMove @IMG:0x3e52ea,"3e52be: mov eax, dword ptr [ebx + 0xb9920]  => arg0.noGroundContactTimer = 2",noGroundContactTimer = 2 after bonk; heroSpringLoaded = 0,A
P55,ICE_SLIDE_TARGET_SPEED,48,0x00000030 (i32 LE 30000000),Pogostuck.exe [LZSS overlay @file 0x61000 -> decoded Lite-C image IMG],"literal IMG:0x0b9ba1 (@const_131276, data Pos 0xb9b5c); used IMG:0x3cbba9",playerMove @IMG:0x3cbbed,"3cbba9: mov eax, dword ptr [ebx + 0xb9b5c]  => r466 = vec_normalize(ADDR(L44ec), 48 - (((level_current == 10) | L30) * 24))","slide target = normalize(surfaceNormalVector + gravityDir, 48 - 24*(level10|L30))",A
P56,ICE_SLIDE_Z_SCALE_SPECIAL,0.667 (stored 0.6669999957084656),0x3fe5581060000000 (f64 LE 000000601058e53f),Pogostuck.exe [LZSS overlay @file 0x61000 -> decoded Lite-C image IMG],"literal IMG:0x0ba0c9 (@const_134361, data Pos 0xba084); used IMG:0x3cbc88",playerMove @IMG:0x3cbcc2,3cbc88: fld qword ptr [ebx + 0xba084]  => L44ec.z = L44ec.z * 0.667,level 10 or L30: target.z *= 0.667,A
P57,ICE_SLIDE_RESPONSE,0.25,0x3fd0000000000000 (f64 LE 000000000000d03f),Pogostuck.exe [LZSS overlay @file 0x61000 -> decoded Lite-C image IMG],"literal IMG:0x0b9c55 (@const_131557, data Pos 0xb9c10); used IMG:0x3cbdc1",playerMove @IMG:0x3cbe3c,"3cbdc1: fmul qword ptr [ebx + 0xb9c10]  => r467 = clamp((L44ec.x - arg0.slideSpeed.x) * 0.25, -1.35, 1.35)","slideSpeed += clamp((target-slideSpeed)*0.25, -1.35, 1.35)*time_step (x and z)",A
P58,ICE_SLIDE_ACCEL_CLAMP,1.35 (stored 1.350000023841858),0x3ff59999a0000000 (f64 LE 000000a09999f53f),Pogostuck.exe [LZSS overlay @file 0x61000 -> decoded Lite-C image IMG],"literal IMG:0x0ba0d5 (@const_134375, data Pos 0xba090); used IMG:0x3cbddb",playerMove @IMG:0x3cbe3c,"3cbddb: fld qword ptr [ebx + 0xba090]  => r467 = clamp((L44ec.x - arg0.slideSpeed.x) * 0.25, -1.35, 1.35)",per-tick change limited to +-1.35,A
P59,SLIDE_DECAY_RATE,0.5,0x3fe0000000000000 (f64 LE 000000000000e03f),Pogostuck.exe [LZSS overlay @file 0x61000 -> decoded Lite-C image IMG],"literal IMG:0x0b986d (@const_130217, data Pos 0xb9828); used IMG:0x3cca3b",playerMove @IMG:0x3cca8b,"3cca3b: fld qword ptr [ebx + 0xb9828]  => r490 = vec_lerp(ADDR(arg0.slideSpeed), ADDR(arg0.slideSpeed), nullvector, 0.5 * (*time_step))","not in slide mode & grounded & |slide|>=0.25: slideSpeed = lerp(slideSpeed, 0, 0.5*time_step); else 0",A
P60,ICE_LANDING_Z_CARRY,0.25,0x3fd0000000000000 (f64 LE 000000000000d03f),Pogostuck.exe [LZSS overlay @file 0x61000 -> decoded Lite-C image IMG],"literal IMG:0x0b9c55 (@const_131557, data Pos 0xb9c10); used IMG:0x3da813",playerMove @IMG:0x3da86b,3da813: fmul qword ptr [ebx + 0xb9c10]  => arg0.slideSpeed.z = arg0.speed.z * 0.25,"landing on slippery (ent.flags&64): slideSpeed.x = speed.x; slideSpeed.z = 0.25*speed.z (some levels, speed.z>0) else 0",A
P61,PLATFORM_CARRY_DOWN_REDUCTION,0.75,0x3fe8000000000000 (f64 LE 000000000000e83f),Pogostuck.exe [LZSS overlay @file 0x61000 -> decoded Lite-C image IMG],"literal IMG:0x0b9db9 (@const_132339, data Pos 0xb9d74); used IMG:0x3eaa48",playerMove @IMG:0x3eaafa,3eaa48: fld qword ptr [ebx + 0xb9d74]  => arg0.speed.z = arg0.speed.z + (playerLateralSpeed.z * (1 - (0.75 * (playerLateralSpeed.z < 0)))),"air: speed += playerLateralSpeed, z component x(1-0.75) if negative",A
P71,LEDGE_EXIT_POP_SPEED,5,0x00000005 (i32 LE 05000000),Pogostuck.exe [LZSS overlay @file 0x61000 -> decoded Lite-C image IMG],"literal IMG:0x0b9889 (@const_130266, data Pos 0xb9844); used IMG:0x3d86c9",playerMove @IMG:0x3d86f5,"3d86c9: mov eax, dword ptr [ebx + 0xb9844]  => arg0.speed.z = 5",was grounded && probe misses: speed.x = slideSpeed.x; speed.z = 5 (leave ledge with small upward speed),A
P72,SLIDE_STOP_THRESHOLD,0.25,0x3fd0000000000000 (f64 LE 000000000000d03f),Pogostuck.exe [LZSS overlay @file 0x61000 -> decoded Lite-C image IMG],"literal IMG:0x0b9c55 (@const_131557, data Pos 0xb9c10); used IMG:0x3cc8bc",playerMove @IMG:0x3cc945,3cc8bc: fcomp qword ptr [ebx + 0xb9c10]  => if !((r488 < 0.25) | (!(arg0.heroGroundContact))) goto label_3cc9a2,"|slideSpeed| < 0.25 or airborne -> slideSpeed = 0 (else decays, P59)",A
P62,HULL_MIN_X,-12.5,0xc029000000000000 (f64 LE 00000000000029c0),Pogostuck.exe [LZSS overlay @file 0x61000 -> decoded Lite-C image IMG],"literal IMG:0x0b9a81 (@const_130575, data Pos 0xb9a3c); used IMG:0x3b3dde",playerMove @IMG:0x3b3e09,3b3dde: fld qword ptr [ebx + 0xb9a3c]  => L204.min_x = -12.5,player entity bbox min_x,A
P63,HULL_MAX_X,12.5,0x4029000000000000 (f64 LE 0000000000002940),Pogostuck.exe [LZSS overlay @file 0x61000 -> decoded Lite-C image IMG],"literal IMG:0x0b9a79 (@const_130574, data Pos 0xb9a34); used IMG:0x3b3e4c",playerMove @IMG:0x3b3e77,3b3e4c: fld qword ptr [ebx + 0xb9a34]  => L204.max_x = 12.5,player entity bbox max_x,A
P64,HULL_MAX_Z,30,0x0000001e (i32 LE 1e000000),Pogostuck.exe [LZSS overlay @file 0x61000 -> decoded Lite-C image IMG],"literal IMG:0x0b9a99 (@const_130591, data Pos 0xb9a54); used IMG:0x3b3f5e",playerMove @IMG:0x3b3f8a,"3b3f5e: mov eax, dword ptr [ebx + 0xb9a54]  => L204.max_z = 30",player entity bbox max_z,A
P65,HULL_MIN_Z_BASE,-55,0xffffffc9 (i32 LE c9ffffff),Pogostuck.exe [LZSS overlay @file 0x61000 -> decoded Lite-C image IMG],"literal IMG:0x0ba5a1 (@const_139311, data Pos 0xba55c); used IMG:0x3eb14b",playerMove @IMG:0x3eb19e,"3eb14b: mov eax, dword ptr [ebx + 0xba55c]  => L204.min_z = -55 + r948","min_z = -55 + max(heroSpringLoadedBoneExtend,-12.25) (when noGroundContactTimer==0)",A
P66,HULL_MIN_Z_EXT_LIMIT,-12.25,0xc028800000000000 (f64 LE 00000000008028c0),Pogostuck.exe [LZSS overlay @file 0x61000 -> decoded Lite-C image IMG],"literal IMG:0x0ba5ad (@const_139315, data Pos 0xba568); used IMG:0x3eb11b",playerMove @IMG:0x3eb13d,"3eb11b: fld qword ptr [ebx + 0xba568]  => r948 = maxv(arg0.heroSpringLoadedBoneExtend, -12.25)",lower limit of spring extension added to min_z,A
P67,SPRING_VISUAL_RELAX_RATE,120,0x00000078 (i32 LE 78000000),Pogostuck.exe [LZSS overlay @file 0x61000 -> decoded Lite-C image IMG],"literal IMG:0x0b9e2d (@const_132574, data Pos 0xb9de8); used IMG:0x3eaca0",playerMove @IMG:0x3ead01,"3eaca0: mov eax, dword ptr [ebx + 0xb9de8]  => r946 = maxv(arg0.heroSpringLoadedBonePerc - (120 * (*time_step)), -200)",air: heroSpringLoadedBonePerc -= 120*time_step (min -200) -> drives bone extend and hull min_z,A
P68,SPRING_VISUAL_EXTEND_AMPL,18,0x00000012 (i32 LE 12000000),Pogostuck.exe [LZSS overlay @file 0x61000 -> decoded Lite-C image IMG],"literal IMG:0x0b9891 (@const_130283, data Pos 0xb984c); used IMG:0x3eadf9",playerMove @IMG:0x3eae53,"3eadf9: mov eax, dword ptr [ebx + 0xb984c]  => arg0.heroSpringLoadedBoneExtend = r947 * 18",heroSpringLoadedBoneExtend = 18*sinv(0.9*BonePerc),A
P69,PREDICT_GRAVITY (corroboration),-8.5,0xc021000000000000 (f64 LE 00000000000021c0),Pogostuck.exe [LZSS overlay @file 0x61000 -> decoded Lite-C image IMG],"literal IMG:0x0ae199 (@const_73373, data Pos 0xae154); used IMG:0x269a04",playerPredictPos @IMG:0x269a78,"269a04: fld qword ptr [ebx + 0xae154]  => r10 = vector((-0.05 * r9) * L254, 0, -8.5 * L254)","trajectory predictor uses identical air step: (-0.05*v_lat*dt, 0, -8.5*dt)",A
P70,PREDICT_STEP_TICKS,1.5,0x3ff8000000000000 (f64 LE 000000000000f83f),Pogostuck.exe [LZSS overlay @file 0x61000 -> decoded Lite-C image IMG],"literal IMG:0x0ae165 (@const_73327, data Pos 0xae120); used IMG:0x269623",playerPredictPos @IMG:0x269637,269623: fld qword ptr [ebx + 0xae120]  => L254 = 1.5,predictor step dt = 1.5 ticks (not used by real integration),A
T01,TIME_FACTOR_PLAY,0.95 (stored 0.949999988079071),0x3fee666660000000 (f64 LE 000000606666ee3f),Pogostuck.exe [LZSS overlay @file 0x61000 -> decoded Lite-C image IMG],"literal IMG:0x0dad09 (@const_258634, data Pos 0xdacc4); used IMG:0x69c64f",mainFrameEventPlay @IMG:0x69c67a,69c64f: fld qword ptr [ebx + 0xdacc4]  => *time_factor = 0.95,*time_factor = 0.95 every frame in play (engine scales time_step by time_factor),A (write) / B (engine semantics)
T02,FPS_LIMIT_DEFAULT,120,0x00000078 (i32 LE 78000000),Pogostuck.exe [LZSS overlay @file 0x61000 -> decoded Lite-C image IMG],"literal IMG:0x0c6efd (@const_183142, data Pos 0xc6eb8); used IMG:0x4e750d",settingsDefault @IMG:0x4e7522,"4e750d: mov eax, dword ptr [ebx + 0xc6eb8]  => fps_limit2 = 120",fps_limit2 = 120 -> *fps_max = fps_limit,A
T03,FPS_LIMIT_RANGE_MAX,240,0x000000f0 (i32 LE f0000000),Pogostuck.exe [LZSS overlay @file 0x61000 -> decoded Lite-C image IMG],"literal IMG:0x0c7ed9 (@const_184499, data Pos 0xc7e94); used IMG:0x4ee498",dec_do @IMG:0x4ee4d1,"4ee498: mov eax, dword ptr [ebx + 0xc7e94]  => r42 = clamp(fps_limit2, 30, 240)","fps_limit2 clamped to [30,240]",A
T04,FPS_LIMIT_RANGE_MIN,30,0x0000001e (i32 LE 1e000000),Pogostuck.exe [LZSS overlay @file 0x61000 -> decoded Lite-C image IMG],"literal IMG:0x0c7ed5 (@const_184498, data Pos 0xc7e90); used IMG:0x4ee4ae",dec_do @IMG:0x4ee4d1,"4ee4ae: mov eax, dword ptr [ebx + 0xc7e90]  => r42 = clamp(fps_limit2, 30, 240)","fps_limit2 clamped to [30,240]",A
T05,TIME_FACTOR_MIN_GUARD,0.9 (stored 0.8999999761581421),0x3fecccccc0000000 (f64 LE 000000c0ccccec3f),Pogostuck.exe [LZSS overlay @file 0x61000 -> decoded Lite-C image IMG],"literal IMG:0x0db211 (@const_259470, data Pos 0xdb1cc); used IMG:0x6a14bf",mainFrameEvent @IMG:0x6a14e9,6a14bf: fcomp qword ptr [ebx + 0xdb1cc]  => if !((*time_factor) < 0.9) goto label_6a1529,time_factor < 0.9 -> exit (anti speed-hack),A
U01,QUANTS_PER_DISPLAY_METER,52,0x00000034 (i32 LE 34000000),Pogostuck.exe [LZSS overlay @file 0x61000 -> decoded Lite-C image IMG],"literal IMG:0x0ba679 (@const_139898, data Pos 0xba634); used IMG:0x3eeba5",playerMove @IMG:0x3eebe5,"3eeba5: mov eax, dword ptr [ebx + 0xba634]  => L230 = int((L204.z - localPlayerLastPogoJumpPos.z) / 52)","jump height shown as int(dz/52) ""%dm""",A
U02,JUMP_HIGH_ACHIEVEMENT_M,50,0x00000032 (i32 LE 32000000),Pogostuck.exe [LZSS overlay @file 0x61000 -> decoded Lite-C image IMG],"literal IMG:0x0b99fd (@const_130470, data Pos 0xb99b8); used IMG:0x3eed7d",playerMove @IMG:0x3eedf7,"3eed7d: mov edx, dword ptr [ebx + 0xb99b8]  => if !((L230 >= 50) && (!(r996))) goto label_3eee20","""jump_high"" unlocked when dz/52 >= 50",A
U04,JUMP_DEGREES_TOLERANCE,1.9 (stored 1.899999976158142),0x3ffe666660000000 (f64 LE 000000606666fe3f),Pogostuck.exe [LZSS overlay @file 0x61000 -> decoded Lite-C image IMG],"literal IMG:0x0ba2fd (@const_136529, data Pos 0xba2b8); used IMG:0x3d962d",playerMove @IMG:0x3d9763,3d962d: fcomp qword ptr [ebx + 0xba2b8]  => if !(((r680 < 1.9) && (playerAngleShowTimer > 0)) && (((!(level_current)) | (level_current == 8)) | (level_current == 9))) goto label_3d9806,| |dAngle| - 1080 | < 1.9,A
U03,JUMP_DEGREES_ACHIEVEMENT,1080,0x00000438 (i32 LE 38040000),Pogostuck.exe [LZSS overlay @file 0x61000 -> decoded Lite-C image IMG],"literal IMG:0x0ba2f9 (@const_136525, data Pos 0xba2b4); used IMG:0x3d95cd",playerMove @IMG:0x3d95fd,"3d95cd: mov eax, dword ptr [ebx + 0xba2b4]  => r680 = abs@1(r679 - 1080)","""jump_degrees"": | |angle-lastJumpAngle| - 1080 | < 1.9 on landing",A
C01,GROUND_CORRECTION_PROBE_SCALE,0.9 (stored 0.8999999761581421),0x3fecccccc0000000 (f64 LE 000000c0ccccec3f),Pogostuck.exe [LZSS overlay @file 0x61000 -> decoded Lite-C image IMG],"literal IMG:0x0b9cfd (@const_132070, data Pos 0xb9cb8); used IMG:0x3d6f9c",playerMove @IMG:0x3d6fcb,"3d6f9c: fld qword ptr [ebx + 0xb9cb8]  => r630 = vec_scale(ADDR(L3fc), 0.9)",playerUseCorrection: probe = me.x + 0.9*(Bone1-me.x),A
C02,GROUND_CORRECTION_GAIN,0.5,0x3fe0000000000000 (f64 LE 000000000000e03f),Pogostuck.exe [LZSS overlay @file 0x61000 -> decoded Lite-C image IMG],"literal IMG:0x0b986d (@const_130217, data Pos 0xb9828); used IMG:0x3d7486",playerMove @IMG:0x3d74e3,"3d7486: fmul qword ptr [ebx + 0xb9828]  => r640 = vec_normalize(normal, (r639 * (r636 - r637)) * 0.5)",push = 0.5*(n.dir)*(len - dist) along normal (c_move),A
C03,ANTISTUCK_RAY_LENGTH,64,0x00000040 (i32 LE 40000000),Pogostuck.exe [LZSS overlay @file 0x61000 -> decoded Lite-C image IMG],"literal IMG:0x0ae451 (@const_74097, data Pos 0xae40c); used IMG:0x26de16",pogoCorrectionDo @IMG:0x26de70,"26de16: mov eax, dword ptr [ebx + 0xae40c]  => L2c.x = 64 * r7",12 radial c_trace rays (30 deg step) of length 64,A
C04,ANTISTUCK_PUSH,16,0x00000010 (i32 LE 10000000),Pogostuck.exe [LZSS overlay @file 0x61000 -> decoded Lite-C image IMG],"literal IMG:0x0ae489 (@const_74174, data Pos 0xae444); used IMG:0x26e4e8",pogoCorrectionDo @IMG:0x26e518,"26e4e8: mov eax, dword ptr [ebx + 0xae444]  => r14 = vec_normalize(ADDR(L20), 16)",push-out vector normalized to 16,A
S01,SHOT_JUMP_SPEED_KEEP,0.275 (stored 0.2750000059604645),0x3fd19999a0000000 (f64 LE 000000a09999d13f),Pogostuck.exe [LZSS overlay @file 0x61000 -> decoded Lite-C image IMG],"literal IMG:0x0ad03d (@const_67853, data Pos 0xacff8); used IMG:0x24a118",playerDoubleJumpDo @IMG:0x24a152,24a118: fld qword ptr [ebx + 0xacff8]  => playerDataLocal.speed.x = playerDataLocal.speed.x * 0.275,special mode shot/double jump: speed *= 0.275 then += 0.65*(-shotDir*100),A
S02,SHOT_JUMP_KICK,0.65 (stored 0.6499999761581421),0x3fe4ccccc0000000 (f64 LE 000000c0cccce43f),Pogostuck.exe [LZSS overlay @file 0x61000 -> decoded Lite-C image IMG],"literal IMG:0x0ad049 (@const_67867, data Pos 0xad004); used IMG:0x24a276",playerDoubleJumpDo @IMG:0x24a2ce,24a276: fmul qword ptr [ebx + 0xad004]  => L1c.x = -dungeonActionVector.x * 0.65,"recoil = -shotDir*100*0.65 (z*0.5 if <0, *1.2 if >0)",A
W01,SWIM_TARGET_SPEED,60,0x0000003c (i32 LE 3c000000),Pogostuck.exe [LZSS overlay @file 0x61000 -> decoded Lite-C image IMG],"literal IMG:0x0b9d19 (@const_132150, data Pos 0xb9cd4); used IMG:0x3d0536",playerMove @IMG:0x3d057e,"3d0536: mov eax, dword ptr [ebx + 0xb9cd4]  => r552 = vector(0, 0, 60)","level 9 swim: target = rotate((0,0,60),angle) (+-5 z, x1.25)",A
W02,SWIM_ACCEL_LIMIT_MAX,30,0x0000001e (i32 LE 1e000000),Pogostuck.exe [LZSS overlay @file 0x61000 -> decoded Lite-C image IMG],"literal IMG:0x0b9a99 (@const_130591, data Pos 0xb9a54); used IMG:0x3d0a0b",playerMove @IMG:0x3d0a44,"3d0a0b: mov eax, dword ptr [ebx + 0xb9a54]  => r558 = clamp(r557, 20, 30)","diff limited to clamp(|speed|,20,30)",A
W03,SWIM_RESPONSE,0.5,0x3fe0000000000000 (f64 LE 000000000000e03f),Pogostuck.exe [LZSS overlay @file 0x61000 -> decoded Lite-C image IMG],"literal IMG:0x0b986d (@const_130217, data Pos 0xb9828); used IMG:0x3d0aea",playerMove @IMG:0x3d0b7a,"3d0aea: fld qword ptr [ebx + 0xb9828]  => r560 = vec_scale(ADDR(L4c0), (0.5 / (1 + arg0.jumpTimer)) * (*time_step))",speed += diff*0.5/(1+jumpTimer)*time_step,A
W04,WATER_DRAG,0.075 (stored 0.07500000298023224),0x3fb3333340000000 (f64 LE 000000403333b33f),Pogostuck.exe [LZSS overlay @file 0x61000 -> decoded Lite-C image IMG],"literal IMG:0x0b9b75 (@const_131116, data Pos 0xb9b30); used IMG:0x3d0ea1",playerMove @IMG:0x3d0ef1,"3d0ea1: fld qword ptr [ebx + 0xb9b30]  => r563 = vec_lerp(ADDR(arg0.speed), ADDR(arg0.speed), nullvector, 0.075 * (*time_step))","not swimming: speed = lerp(speed,0,0.075*time_step)",A
R01,RESET_SPRING_MAX_CAP,150,0x00000096 (i32 LE 96000000),Pogostuck.exe [LZSS overlay @file 0x61000 -> decoded Lite-C image IMG],"literal IMG:0x0ae22d (@const_73517, data Pos 0xae1e8); used IMG:0x26a97e",playerResetSpeed @IMG:0x26a9a1,"26a97e: mov eax, dword ptr [ebx + 0xae1e8]  => r3 = minv(playerDataLocal.heroSpringLoadedMax, 150)","playerResetSpeed: heroSpringLoadedMax = min(.,150); speed.z >= -150",A
R02,SUPERJUMP_LOAD,300,0x0000012c (i32 LE 2c010000),Pogostuck.exe [LZSS overlay @file 0x61000 -> decoded Lite-C image IMG],"literal IMG:0x0b9ca9 (@const_131759, data Pos 0xb9c64); used IMG:0x3db5de",playerMove @IMG:0x3db5f3,"3db5de: mov eax, dword ptr [ebx + 0xb9c64]  => heroSpringLoadedMin = 300",superJump region: min = max = 300,A
E01,BOUNCE_ENTITY_PUSH,30,0x0000001e (i32 LE 1e000000),Pogostuck.exe [LZSS overlay @file 0x61000 -> decoded Lite-C image IMG],"literal IMG:0x0b9a99 (@const_130591, data Pos 0xb9a54); used IMG:0x3ded92",playerMove @IMG:0x3dedbb,"3ded92: mov eax, dword ptr [ebx + 0xb9a54]  => L38 = 30 - ((!(!(int(L184.skill[98] & 128)))) * 20)","skill[98]&144 entities: push = normalize(player-ent, 30-20*(flag128) [+7]) added to speed",A
E02,BOUNCE_ENTITY_VZ_CAP,170,0x000000aa (i32 LE aa000000),Pogostuck.exe [LZSS overlay @file 0x61000 -> decoded Lite-C image IMG],"literal IMG:0x0ba421 (@const_137461, data Pos 0xba3dc); used IMG:0x3df566",playerMove @IMG:0x3df652,"3df566: mov eax, dword ptr [ebx + 0xba3dc]  => r776 = clamp(L484.z, (leaderboardSpecialMode2 == 14) * -200, (170 - arg0.speed.z) + (((level_current == 9) | (level_current >= 100)) * 100))",vertical push clamped so speed.z <= 170 (+100 level 9/100+),A
